StartTime;LastResetTime;CurrentTime;ElapsedTime(P);ElapsedTime(C);Rate(P);Rate(C);IncomingCall(P);IncomingCall(C);OutgoingCall(P);OutgoingCall(C);MsgRecvPerS(P);MsgRecvPerS(C);MsgSendPerS(P);MsgSendPerS(C);UnexpectedMsg(P);UnexpectedMsg(C);CurrentCall;InitSuccessfulCall(P);InitSuccessfulCall(C);TrafficSuccessfulCall(P);TrafficSuccessfulCall(C);DefaultSuccessfulCall(P);DefaultSuccessfulCall(C);AbortSuccessfulCall(P);AbortSuccessfulCall(C);FailedCall(P);FailedCall(C);FailedRefused(P);FailedRefused(C);FailedAborted(P);FailedAborted(C);FailedTimeout(P);FailedTimeout(C);ResponseTime(P);ResponseTime(C);ResponseTimeRepartition;<50;<75;<100;<150;<300;<5000;>=5000;
2007-11-08 14:00:58;2007-11-08 14:00:58;2007-11-08 14:00:58;00:00:00;00:00:00;0;0;0;0;0;0;0;0;0;0;0;0;0;0;0;0;0;0;0;0;0;0;0;0;0;0;0;0;0;00:00:00:000;00:00:00:000;;0;0;0;0;0;0;0;
2007-11-08 14:00:58;2007-11-08 14:00:58;2007-11-08 14:00:59;00:00:01;00:00:01;0;0;0;0;0;0;0;0;0;0;0;0;0;0;0;0;0;0;0;0;0;0;0;0;0;0;0;0;0;00:00:00:000;00:00:00:000;;0;0;0;0;0;0;0;
2007-11-08 14:00:58;2007-11-08 14:01:00;2007-11-08 14:01:00;00:00:01;00:00:02;0;0;0;0;0;0;0;0;0;0;0;0;0;0;0;0;0;0;0;0;0;0;0;0;0;0;0;0;0;00:00:00:000;00:00:00:000;;0;0;0;0;0;0;0;
2007-11-08 14:00:58;2007-11-08 14:01:01;2007-11-08 14:01:01;00:00:01;00:00:03;0;0;0;0;0;0;0;0;0;0;0;0;0;0;0;0;0;0;0;0;0;0;0;0;0;0;0;0;0;00:00:00:000;00:00:00:000;;0;0;0;0;0;0;0;
2007-11-08 14:00:58;2007-11-08 14:01:02;2007-11-08 14:01:02;00:00:01;00:00:04;1.98216;0.493827;2;2;0;0;5.94648;1.48148;5.94648;1.48148;0;0;0;0;0;2;2;0;0;0;0;0;0;0;0;0;0;0;0;00:00:00:005;00:00:00:005;;2;0;0;0;0;0;0;
2007-11-08 14:00:58;2007-11-08 14:01:03;2007-11-08 14:01:03;00:00:01;00:00:05;0.99108;0.592885;1;3;0;0;0.99108;1.3834;0.99108;1.3834;0;0;1;0;0;0;2;0;0;0;0;0;0;0;0;0;0;0;0;00:00:00:000;00:00:00:005;;2;0;0;0;0;0;0;
2007-11-08 14:00:58;2007-11-08 14:01:04;2007-11-08 14:01:04;00:00:01;00:00:06;0.99108;0.658979;1;4;0;0;4.9554;1.97694;4.9554;1.97694;0;0;0;0;0;2;4;0;0;0;0;0;0;0;0;0;0;0;0;00:00:00:008;00:00:00:006;;4;0;0;0;0;0;0;
2007-11-08 14:00:58;2007-11-08 14:01:05;2007-11-08 14:01:05;00:00:01;00:00:07;0.99108;0.706215;1;5;0;0;0.99108;1.83616;0.99108;1.83616;0;0;1;0;0;0;4;0;0;0;0;0;0;0;0;0;0;0;0;00:00:00:000;00:00:00:006;;4;0;0;0;0;0;0;
2007-11-08 14:00:58;2007-11-08 14:01:06;2007-11-08 14:01:06;00:00:01;00:00:08;0.99108;0.741656;1;6;0;0;4.9554;2.22497;4.9554;2.22497;0;0;0;0;0;2;6;0;0;0;0;0;0;0;0;0;0;0;0;00:00:00:008;00:00:00:007;;6;0;0;0;0;0;0;
2007-11-08 14:00:58;2007-11-08 14:01:07;2007-11-08 14:01:07;00:00:01;00:00:09;0.99108;0.769231;1;7;0;0;0.99108;2.08791;0.99108;2.08791;0;0;1;0;0;0;6;0;0;0;0;0;0;0;0;0;0;0;0;00:00:00:000;00:00:00:007;;6;0;0;0;0;0;0;
2007-11-08 14:00:58;2007-11-08 14:01:08;2007-11-08 14:01:08;00:00:01;00:00:10;0.99108;0.791296;1;8;0;0;4.9554;2.37389;4.9554;2.37389;0;0;0;0;0;2;8;0;0;0;0;0;0;0;0;0;0;0;0;00:00:00:008;00:00:00:007;;8;0;0;0;0;0;0;
2007-11-08 14:00:58;2007-11-08 14:01:09;2007-11-08 14:01:09;00:00:01;00:00:11;0.99108;0.809353;1;9;0;0;0.99108;2.2482;0.99108;2.2482;0;0;1;0;0;0;8;0;0;0;0;0;0;0;0;0;0;0;0;00:00:00:000;00:00:00:007;;8;0;0;0;0;0;0;
2007-11-08 14:00:58;2007-11-08 14:01:10;2007-11-08 14:01:10;00:00:01;00:00:12;0.99108;0.824402;1;10;0;0;4.9554;2.47321;4.9554;2.47321;0;0;0;0;0;2;10;0;0;0;0;0;0;0;0;0;0;0;0;00:00:00:008;00:00:00:007;;10;0;0;0;0;0;0;
2007-11-08 14:00:58;2007-11-08 14:01:11;2007-11-08 14:01:11;00:00:01;00:00:13;0.99108;0.837139;1;11;0;0;0.99108;2.35921;0.99108;2.35921;0;0;1;0;0;0;10;0;0;0;0;0;0;0;0;0;0;0;0;00:00:00:000;00:00:00:007;;10;0;0;0;0;0;0;
2007-11-08 14:00:58;2007-11-08 14:01:12;2007-11-08 14:01:12;00:00:01;00:00:14;0.99108;0.848057;1;12;0;0;4.9554;2.54417;4.9554;2.54417;0;0;0;0;0;2;12;0;0;0;0;0;0;0;0;0;0;0;0;00:00:00:008;00:00:00:007;;12;0;0;0;0;0;0;
2007-11-08 14:00:58;2007-11-08 14:01:13;2007-11-08 14:01:13;00:00:01;00:00:15;0.99108;0.85752;1;13;0;0;0.99108;2.44063;0.99108;2.44063;0;0;1;0;0;0;12;0;0;0;0;0;0;0;0;0;0;0;0;00:00:00:000;00:00:00:007;;12;0;0;0;0;0;0;
2007-11-08 14:00:58;2007-11-08 14:01:14;2007-11-08 14:01:14;00:00:01;00:00:16;0.99108;0.865801;1;14;0;0;4.9554;2.5974;4.9554;2.5974;0;0;0;0;0;2;14;0;0;0;0;0;0;0;0;0;0;0;0;00:00:00:008;00:00:00:008;;14;0;0;0;0;0;0;
2007-11-08 14:00:58;2007-11-08 14:01:15;2007-11-08 14:01:15;00:00:01;00:00:17;0.981354;0.8726;1;15;0;0;0.981354;2.50145;0.981354;2.50145;0;0;1;0;0;0;14;0;0;0;0;0;0;0;0;0;0;0;0;00:00:00:000;00:00:00:008;;14;0;0;0;0;0;0;
2007-11-08 14:00:58;2007-11-08 14:01:16;2007-11-08 14:01:16;00:00:01;00:00:18;0.99108;0.879121;1;16;0;0;4.9554;2.63736;4.9554;2.63736;0;0;0;0;0;2;16;0;0;0;0;0;0;0;0;0;0;0;0;00:00:00:008;00:00:00:008;;16;0;0;0;0;0;0;
2007-11-08 14:00:58;2007-11-08 14:01:17;2007-11-08 14:01:17;00:00:01;00:00:19;0.981354;0.884495;1;17;0;0;0.981354;2.54943;0.981354;2.54943;0;0;1;0;0;0;16;0;0;0;0;0;0;0;0;0;0;0;0;00:00:00:000;00:00:00:008;;16;0;0;0;0;0;0;
2007-11-08 14:00:58;2007-11-08 14:01:18;2007-11-08 14:01:18;00:00:01;00:00:20;0.99108;0.889724;1;18;0;0;4.9554;2.66917;4.9554;2.66917;0;0;0;0;0;2;18;0;0;0;0;0;0;0;0;0;0;0;0;00:00:00:008;00:00:00:008;;18;0;0;0;0;0;0;
2007-11-08 14:00:58;2007-11-08 14:01:19;2007-11-08 14:01:19;00:00:01;00:00:21;0.981354;0.894076;1;19;0;0;0.981354;2.58811;0.981354;2.58811;0;0;1;0;0;0;18;0;0;0;0;0;0;0;0;0;0;0;0;00:00:00:000;00:00:00:008;;18;0;0;0;0;0;0;
2007-11-08 14:00:58;2007-11-08 14:01:20;2007-11-08 14:01:20;00:00:01;00:00:22;0.981354;0.898029;1;20;0;0;4.90677;2.69409;4.90677;2.69409;0;0;0;0;0;2;20;0;0;0;0;0;0;0;0;0;0;0;0;00:00:00:008;00:00:00:008;;20;0;0;0;0;0;0;
2007-11-08 14:00:58;2007-11-08 14:01:21;2007-11-08 14:01:21;00:00:01;00:00:23;0.981354;0.901636;1;21;0;0;0.981354;2.61904;0.981354;2.61904;0;0;1;0;0;0;20;0;0;0;0;0;0;0;0;0;0;0;0;00:00:00:000;00:00:00:008;;20;0;0;0;0;0;0;
2007-11-08 14:00:58;2007-11-08 14:01:22;2007-11-08 14:01:22;00:00:01;00:00:24;0.981354;0.90494;1;22;0;0;4.90677;2.71482;4.90677;2.71482;0;0;0;0;0;2;22;0;0;0;0;0;0;0;0;0;0;0;0;00:00:00:008;00:00:00:008;;22;0;0;0;0;0;0;
2007-11-08 14:00:58;2007-11-08 14:01:23;2007-11-08 14:01:23;00:00:01;00:00:25;0.981354;0.907978;1;23;0;0;0.981354;2.64498;0.981354;2.64498;0;0;1;0;0;0;22;0;0;0;0;0;0;0;0;0;0;0;0;00:00:00:000;00:00:00:008;;22;0;0;0;0;0;0;
2007-11-08 14:00:58;2007-11-08 14:01:24;2007-11-08 14:01:24;00:00:01;00:00:26;0.981354;0.910781;1;24;0;0;4.90677;2.73234;4.90677;2.73234;0;0;0;0;0;2;24;0;0;0;0;0;0;0;0;0;0;0;0;00:00:00:008;00:00:00:008;;24;0;0;0;0;0;0;
2007-11-08 14:00:58;2007-11-08 14:01:25;2007-11-08 14:01:25;00:00:01;00:00:27;0.99108;0.913709;1;25;0;0;0.99108;2.66803;0.99108;2.66803;0;0;1;0;0;0;24;0;0;0;0;0;0;0;0;0;0;0;0;00:00:00:000;00:00:00:008;;24;0;0;0;0;0;0;
2007-11-08 14:00:58;2007-11-08 14:01:26;2007-11-08 14:01:26;00:00:01;00:00:28;0.99108;0.916429;1;26;0;0;4.9554;2.74929;4.9554;2.74929;0;0;0;0;0;2;26;0;0;0;0;0;0;0;0;0;0;0;0;00:00:00:008;00:00:00:008;;26;0;0;0;0;0;0;
2007-11-08 14:00:58;2007-11-08 14:01:27;2007-11-08 14:01:27;00:00:01;00:00:29;0.99108;0.918961;1;27;0;0;0.99108;2.68881;0.99108;2.68881;0;0;1;0;0;0;26;0;0;0;0;0;0;0;0;0;0;0;0;00:00:00:000;00:00:00:008;;26;0;0;0;0;0;0;
2007-11-08 14:00:58;2007-11-08 14:01:28;2007-11-08 14:01:28;00:00:01;00:00:30;0.99108;0.921325;1;28;0;0;4.9554;2.76398;4.9554;2.76398;0;0;0;0;0;2;28;0;0;0;0;0;0;0;0;0;0;0;0;00:00:00:008;00:00:00:008;;28;0;0;0;0;0;0;
2007-11-08 14:00:58;2007-11-08 14:01:29;2007-11-08 14:01:29;00:00:01;00:00:31;0.99108;0.923537;1;29;0;0;0.99108;2.70692;0.99108;2.70692;0;0;1;0;0;0;28;0;0;0;0;0;0;0;0;0;0;0;0;00:00:00:000;00:00:00:008;;28;0;0;0;0;0;0;
2007-11-08 14:00:58;2007-11-08 14:01:30;2007-11-08 14:01:30;00:00:01;00:00:32;0.99108;0.925612;1;30;0;0;4.9554;2.77683;4.9554;2.77683;0;0;0;0;0;2;30;0;0;0;0;0;0;0;0;0;0;0;0;00:00:00:008;00:00:00:008;;30;0;0;0;0;0;0;
2007-11-08 14:00:58;2007-11-08 14:01:31;2007-11-08 14:01:31;00:00:01;00:00:33;0.99108;0.927561;1;31;0;0;0.99108;2.72284;0.99108;2.72284;0;0;1;0;0;0;30;0;0;0;0;0;0;0;0;0;0;0;0;00:00:00:000;00:00:00:008;;30;0;0;0;0;0;0;
2007-11-08 14:00:58;2007-11-08 14:01:32;2007-11-08 14:01:32;00:00:01;00:00:34;0.99108;0.929395;1;32;0;0;4.9554;2.78819;4.9554;2.78819;0;0;0;0;0;2;32;0;0;0;0;0;0;0;0;0;0;0;0;00:00:00:008;00:00:00:008;;32;0;0;0;0;0;0;
2007-11-08 14:00:58;2007-11-08 14:01:33;2007-11-08 14:01:33;00:00:01;00:00:35;0.99108;0.931125;1;33;0;0;0.99108;2.73694;0.99108;2.73694;0;0;1;0;0;0;32;0;0;0;0;0;0;0;0;0;0;0;0;00:00:00:000;00:00:00:008;;32;0;0;0;0;0;0;
2007-11-08 14:00:58;2007-11-08 14:01:34;2007-11-08 14:01:34;00:00:01;00:00:36;0.99108;0.932759;1;34;0;0;4.9554;2.79828;4.9554;2.79828;0;0;0;0;0;2;34;0;0;0;0;0;0;0;0;0;0;0;0;00:00:00:008;00:00:00:008;;34;0;0;0;0;0;0;
2007-11-08 14:00:58;2007-11-08 14:01:35;2007-11-08 14:01:35;00:00:01;00:00:37;0.99108;0.934305;1;35;0;0;0.99108;2.74953;0.99108;2.74953;0;0;1;0;0;0;34;0;0;0;0;0;0;0;0;0;0;0;0;00:00:00:000;00:00:00:008;;34;0;0;0;0;0;0;
2007-11-08 14:00:58;2007-11-08 14:01:36;2007-11-08 14:01:36;00:00:01;00:00:38;0.99108;0.93577;1;36;0;0;4.9554;2.80731;4.9554;2.80731;0;0;0;0;0;2;36;0;0;0;0;0;0;0;0;0;0;0;0;00:00:00:008;00:00:00:008;;36;0;0;0;0;0;0;
2007-11-08 14:00:58;2007-11-08 14:01:37;2007-11-08 14:01:37;00:00:01;00:00:39;0.99108;0.93716;1;37;0;0;0.99108;2.76082;0.99108;2.76082;0;0;1;0;0;0;36;0;0;0;0;0;0;0;0;0;0;0;0;00:00:00:000;00:00:00:008;;36;0;0;0;0;0;0;
2007-11-08 14:00:58;2007-11-08 14:01:38;2007-11-08 14:01:38;00:00:01;00:00:40;0.99108;0.93848;1;38;0;0;4.9554;2.81544;4.9554;2.81544;0;0;0;0;0;2;38;0;0;0;0;0;0;0;0;0;0;0;0;00:00:00:008;00:00:00:008;;38;0;0;0;0;0;0;
2007-11-08 14:00:58;2007-11-08 14:01:39;2007-11-08 14:01:39;00:00:01;00:00:41;0.99108;0.939736;1;39;0;0;0.99108;2.77102;0.99108;2.77102;0;0;1;0;0;0;38;0;0;0;0;0;0;0;0;0;0;0;0;00:00:00:000;00:00:00:008;;38;0;0;0;0;0;0;
2007-11-08 14:00:58;2007-11-08 14:01:40;2007-11-08 14:01:40;00:00:01;00:00:42;0.99108;0.940933;1;40;0;0;4.9554;2.8228;4.9554;2.8228;0;0;0;0;0;2;40;0;0;0;0;0;0;0;0;0;0;0;0;00:00:00:008;00:00:00:008;;40;0;0;0;0;0;0;
2007-11-08 14:00:58;2007-11-08 14:01:41;2007-11-08 14:01:41;00:00:01;00:00:43;0.99108;0.942074;1;41;0;0;0.99108;2.78027;0.99108;2.78027;0;0;1;0;0;0;40;0;0;0;0;0;0;0;0;0;0;0;0;00:00:00:000;00:00:00:008;;40;0;0;0;0;0;0;
2007-11-08 14:00:58;2007-11-08 14:01:42;2007-11-08 14:01:42;00:00:01;00:00:44;0.99108;0.943163;1;42;0;0;4.9554;2.82949;4.9554;2.82949;0;0;0;0;0;2;42;0;0;0;0;0;0;0;0;0;0;0;0;00:00:00:008;00:00:00:008;;42;0;0;0;0;0;0;
2007-11-08 14:00:58;2007-11-08 14:01:43;2007-11-08 14:01:43;00:00:01;00:00:45;0.99108;0.944204;1;43;0;0;0.99108;2.7887;0.99108;2.7887;0;0;1;0;0;0;42;0;0;0;0;0;0;0;0;0;0;0;0;00:00:00:000;00:00:00:008;;42;0;0;0;0;0;0;
2007-11-08 14:00:58;2007-11-08 14:01:44;2007-11-08 14:01:44;00:00:01;00:00:46;0.99108;0.9452;1;44;0;0;4.9554;2.8356;4.9554;2.8356;0;0;0;0;0;2;44;0;0;0;0;0;0;0;0;0;0;0;0;00:00:00:008;00:00:00:008;;44;0;0;0;0;0;0;
2007-11-08 14:00:58;2007-11-08 14:01:45;2007-11-08 14:01:45;00:00:01;00:00:47;0.99108;0.946153;1;45;0;0;0.99108;2.79641;0.99108;2.79641;0;0;1;0;0;0;44;0;0;0;0;0;0;0;0;0;0;0;0;00:00:00:000;00:00:00:008;;44;0;0;0;0;0;0;
2007-11-08 14:00:58;2007-11-08 14:01:46;2007-11-08 14:01:46;00:00:01;00:00:48;0.99108;0.947067;1;46;0;0;4.9554;2.8412;4.9554;2.8412;0;0;0;0;0;2;46;0;0;0;0;0;0;0;0;0;0;0;0;00:00:00:008;00:00:00:008;;46;0;0;0;0;0;0;
2007-11-08 14:00:58;2007-11-08 14:01:47;2007-11-08 14:01:47;00:00:01;00:00:49;0.99108;0.947944;1;47;0;0;0.99108;2.80349;0.99108;2.80349;0;0;1;0;0;0;46;0;0;0;0;0;0;0;0;0;0;0;0;00:00:00:000;00:00:00:008;;46;0;0;0;0;0;0;
2007-11-08 14:00:58;2007-11-08 14:01:48;2007-11-08 14:01:48;00:00:01;00:00:50;0.99108;0.948785;1;48;0;0;4.9554;2.84636;4.9554;2.84636;0;0;0;0;0;2;48;0;0;0;0;0;0;0;0;0;0;0;0;00:00:00:008;00:00:00:008;;48;0;0;0;0;0;0;
2007-11-08 14:00:58;2007-11-08 14:01:49;2007-11-08 14:01:49;00:00:01;00:00:51;0.99108;0.949594;1;49;0;0;0.99108;2.81002;0.99108;2.81002;0;0;1;0;0;0;48;0;0;0;0;0;0;0;0;0;0;0;0;00:00:00:000;00:00:00:008;;48;0;0;0;0;0;0;
2007-11-08 14:00:58;2007-11-08 14:01:50;2007-11-08 14:01:50;00:00:01;00:00:52;0.99108;0.950354;1;50;0;0;4.9554;2.85106;4.9554;2.85106;0;0;0;0;0;2;50;0;0;0;0;0;0;0;0;0;0;0;0;00:00:00:008;00:00:00:008;;50;0;0;0;0;0;0;
2007-11-08 14:00:58;2007-11-08 14:01:51;2007-11-08 14:01:51;00:00:01;00:00:53;0.99108;0.951102;1;51;0;0;0.99108;2.81601;0.99108;2.81601;0;0;1;0;0;0;50;0;0;0;0;0;0;0;0;0;0;0;0;00:00:00:000;00:00:00:008;;50;0;0;0;0;0;0;
2007-11-08 14:00:58;2007-11-08 14:01:52;2007-11-08 14:01:52;00:00:01;00:00:54;0.99108;0.951823;1;52;0;0;4.9554;2.85547;4.9554;2.85547;0;0;0;0;0;2;52;0;0;0;0;0;0;0;0;0;0;0;0;00:00:00:008;00:00:00:008;;52;0;0;0;0;0;0;
2007-11-08 14:00:58;2007-11-08 14:01:53;2007-11-08 14:01:53;00:00:01;00:00:55;0.99108;0.952518;1;53;0;0;0.99108;2.82161;0.99108;2.82161;0;0;1;0;0;0;52;0;0;0;0;0;0;0;0;0;0;0;0;00:00:00:000;00:00:00:008;;52;0;0;0;0;0;0;
2007-11-08 14:00:58;2007-11-08 14:01:54;2007-11-08 14:01:54;00:00:01;00:00:56;0.99108;0.953188;1;54;0;0;4.9554;2.85956;4.9554;2.85956;0;0;0;0;0;2;54;0;0;0;0;0;0;0;0;0;0;0;0;00:00:00:008;00:00:00:008;;54;0;0;0;0;0;0;
2007-11-08 14:00:58;2007-11-08 14:01:55;2007-11-08 14:01:55;00:00:01;00:00:57;0.99108;0.953834;1;55;0;0;0.99108;2.82682;0.99108;2.82682;0;0;1;0;0;0;54;0;0;0;0;0;0;0;0;0;0;0;0;00:00:00:000;00:00:00:008;;54;0;0;0;0;0;0;
2007-11-08 14:00:58;2007-11-08 14:01:56;2007-11-08 14:01:56;00:00:01;00:00:58;0.98912;0.954426;1;56;0;0;3.95648;2.84624;3.95648;2.84624;0;0;1;0;0;1;55;0;0;0;0;0;0;0;0;0;0;0;0;00:00:00:008;00:00:00:008;;56;0;0;0;0;0;0;
2007-11-08 14:00:58;2007-11-08 14:01:57;2007-11-08 14:01:57;00:00:01;00:00:59;0.993049;0.955062;1;57;0;0;1.9861;2.83167;1.9861;2.83167;0;0;1;0;0;1;56;0;0;0;0;0;0;0;0;0;0;0;0;00:00:00:000;00:00:00:008;;56;0;0;0;0;0;0;
2007-11-08 14:00:58;2007-11-08 14:01:58;2007-11-08 14:01:58;00:00:01;00:01:00;0.988142;0.955598;1;58;0;0;1.97628;2.81737;2.96443;2.83384;0;0;2;0;0;0;56;0;0;0;0;0;0;0;0;0;0;0;0;00:00:00:011;00:00:00:008;;57;0;0;0;0;0;0;
2007-11-08 14:00:58;2007-11-08 14:01:59;2007-11-08 14:02:00;00:00:01;00:01:01;0.986193;0.9561;1;59;0;0;3.94477;2.83589;2.95858;2.83589;0;0;1;0;0;2;58;0;0;0;0;0;0;0;0;0;0;0;0;00:00:00:006;00:00:00:008;;58;0;0;0;0;0;0;
2007-11-08 14:00:58;2007-11-08 14:02:00;2007-11-08 14:02:01;00:00:01;00:01:02;0.99108;0.956648;1;60;0;0;0.99108;2.80617;0.99108;2.80617;0;0;2;0;0;0;58;0;0;0;0;0;0;0;0;0;0;0;0;00:00:00:000;00:00:00:008;;58;0;0;0;0;0;0;
2007-11-08 14:00:58;2007-11-08 14:02:01;2007-11-08 14:02:02;00:00:01;00:01:03;0.998004;0.957283;1;61;0;0;6.98603;2.87185;6.98603;2.87185;0;0;0;0;0;3;61;0;0;0;0;0;0;0;0;0;0;0;0;00:00:00:009;00:00:00:008;;61;0;0;0;0;0;0;
2007-11-08 14:00:58;2007-11-08 14:02:02;2007-11-08 14:02:03;00:00:01;00:01:04;0.99108;0.957795;1;62;0;0;0.99108;2.84249;0.99108;2.84249;0;0;1;0;0;0;61;0;0;0;0;0;0;0;0;0;0;0;0;00:00:00:000;00:00:00:008;;61;0;0;0;0;0;0;
2007-11-08 14:00:58;2007-11-08 14:02:03;2007-11-08 14:02:04;00:00:01;00:01:05;0.99108;0.958292;1;63;0;0;4.9554;2.87487;4.9554;2.87487;0;0;0;0;0;2;63;0;0;0;0;0;0;0;0;0;0;0;0;00:00:00:008;00:00:00:008;;63;0;0;0;0;0;0;
2007-11-08 14:00:58;2007-11-08 14:02:04;2007-11-08 14:02:05;00:00:01;00:01:06;0.99108;0.958773;1;64;0;0;0.99108;2.84636;0.99108;2.84636;0;0;1;0;0;0;63;0;0;0;0;0;0;0;0;0;0;0;0;00:00:00:000;00:00:00:008;;63;0;0;0;0;0;0;
2007-11-08 14:00:58;2007-11-08 14:02:05;2007-11-08 14:02:06;00:00:01;00:01:07;0.99108;0.95924;1;65;0;0;4.9554;2.87772;4.9554;2.87772;0;0;0;0;0;2;65;0;0;0;0;0;0;0;0;0;0;0;0;00:00:00:008;00:00:00:008;;65;0;0;0;0;0;0;
2007-11-08 14:00:58;2007-11-08 14:02:06;2007-11-08 14:02:07;00:00:01;00:01:08;0.99108;0.959693;1;66;0;0;0.99108;2.85;0.99108;2.85;0;0;1;0;0;0;65;0;0;0;0;0;0;0;0;0;0;0;0;00:00:00:000;00:00:00:008;;65;0;0;0;0;0;0;
2007-11-08 14:00:58;2007-11-08 14:02:07;2007-11-08 14:02:08;00:00:01;00:01:09;0.99108;0.960133;1;67;0;0;4.9554;2.8804;4.9554;2.8804;0;0;0;0;0;2;67;0;0;0;0;0;0;0;0;0;0;0;0;00:00:00:008;00:00:00:008;;67;0;0;0;0;0;0;
2007-11-08 14:00:58;2007-11-08 14:02:09;2007-11-08 14:02:09;00:00:01;00:01:10;0.99108;0.960561;1;68;0;0;0.99108;2.85343;0.99108;2.85343;0;0;1;0;0;0;67;0;0;0;0;0;0;0;0;0;0;0;0;00:00:00:000;00:00:00:008;;67;0;0;0;0;0;0;
2007-11-08 14:00:58;2007-11-08 14:02:10;2007-11-08 14:02:10;00:00:01;00:01:11;0.99108;0.960976;1;69;0;0;4.9554;2.88293;4.9554;2.88293;0;0;0;0;0;2;69;0;0;0;0;0;0;0;0;0;0;0;0;00:00:00:008;00:00:00:008;;69;0;0;0;0;0;0;
2007-11-08 14:00:58;2007-11-08 14:02:11;2007-11-08 14:02:11;00:00:01;00:01:12;0.99108;0.96138;1;70;0;0;0.99108;2.85667;0.99108;2.85667;0;0;1;0;0;0;69;0;0;0;0;0;0;0;0;0;0;0;0;00:00:00:000;00:00:00:008;;69;0;0;0;0;0;0;
2007-11-08 14:00:58;2007-11-08 14:02:12;2007-11-08 14:02:12;00:00:01;00:01:13;0.99108;0.961773;1;71;0;0;4.9554;2.88532;4.9554;2.88532;0;0;0;0;0;2;71;0;0;0;0;0;0;0;0;0;0;0;0;00:00:00:008;00:00:00:008;;71;0;0;0;0;0;0;
2007-11-08 14:00:58;2007-11-08 14:02:13;2007-11-08 14:02:13;00:00:01;00:01:14;0.99108;0.962155;1;72;0;0;0.99108;2.85974;0.99108;2.85974;0;0;1;0;0;0;71;0;0;0;0;0;0;0;0;0;0;0;0;00:00:00:000;00:00:00:008;;71;0;0;0;0;0;0;
2007-11-08 14:00:58;2007-11-08 14:02:14;2007-11-08 14:02:14;00:00:01;00:01:15;0.99108;0.962527;1;73;0;0;4.9554;2.88758;4.9554;2.88758;0;0;0;0;0;2;73;0;0;0;0;0;0;0;0;0;0;0;0;00:00:00:008;00:00:00:008;;73;0;0;0;0;0;0;
2007-11-08 14:00:58;2007-11-08 14:02:15;2007-11-08 14:02:15;00:00:01;00:01:16;0.99108;0.96289;1;74;0;0;0.99108;2.86265;0.99108;2.86265;0;0;1;0;0;0;73;0;0;0;0;0;0;0;0;0;0;0;0;00:00:00:000;00:00:00:008;;73;0;0;0;0;0;0;
2007-11-08 14:00:58;2007-11-08 14:02:16;2007-11-08 14:02:16;00:00:01;00:01:17;0.99108;0.963243;1;75;0;0;4.9554;2.88973;4.9554;2.88973;0;0;0;0;0;2;75;0;0;0;0;0;0;0;0;0;0;0;0;00:00:00:008;00:00:00:008;;75;0;0;0;0;0;0;
2007-11-08 14:00:58;2007-11-08 14:02:17;2007-11-08 14:02:17;00:00:01;00:01:18;0.99108;0.963587;1;76;0;0;0.99108;2.8654;0.99108;2.8654;0;0;1;0;0;0;75;0;0;0;0;0;0;0;0;0;0;0;0;00:00:00:000;00:00:00:008;;75;0;0;0;0;0;0;
2007-11-08 14:00:58;2007-11-08 14:02:18;2007-11-08 14:02:18;00:00:01;00:01:19;0.99108;0.963922;1;77;0;0;4.9554;2.89177;4.9554;2.89177;0;0;0;0;0;2;77;0;0;0;0;0;0;0;0;0;0;0;0;00:00:00:008;00:00:00:008;;77;0;0;0;0;0;0;
2007-11-08 14:00:58;2007-11-08 14:02:19;2007-11-08 14:02:19;00:00:01;00:01:20;0.99108;0.964249;1;78;0;0;0.99108;2.86802;0.99108;2.86802;0;0;1;0;0;0;77;0;0;0;0;0;0;0;0;0;0;0;0;00:00:00:000;00:00:00:008;;77;0;0;0;0;0;0;
2007-11-08 14:00:58;2007-11-08 14:02:20;2007-11-08 14:02:20;00:00:01;00:01:21;0.99108;0.964567;1;79;0;0;4.9554;2.8937;4.9554;2.8937;0;0;0;0;0;2;79;0;0;0;0;0;0;0;0;0;0;0;0;00:00:00:008;00:00:00:008;;79;0;0;0;0;0;0;
2007-11-08 14:00:58;2007-11-08 14:02:21;2007-11-08 14:02:21;00:00:01;00:01:22;0.99108;0.964878;1;80;0;0;0.99108;2.87051;0.99108;2.87051;0;0;1;0;0;0;79;0;0;0;0;0;0;0;0;0;0;0;0;00:00:00:000;00:00:00:008;;79;0;0;0;0;0;0;
2007-11-08 14:00:58;2007-11-08 14:02:22;2007-11-08 14:02:22;00:00:01;00:01:23;0.99108;0.965182;1;81;0;0;4.9554;2.89555;4.9554;2.89555;0;0;0;0;0;2;81;0;0;0;0;0;0;0;0;0;0;0;0;00:00:00:008;00:00:00:008;;81;0;0;0;0;0;0;
2007-11-08 14:00:58;2007-11-08 14:02:23;2007-11-08 14:02:23;00:00:01;00:01:24;0.99108;0.965467;1;82;0;0;0.99108;2.87285;0.99108;2.87285;0;0;1;0;0;0;81;0;0;0;0;0;0;0;0;0;0;0;0;00:00:00:000;00:00:00:008;;81;0;0;0;0;0;0;
2007-11-08 14:00:58;2007-11-08 14:02:24;2007-11-08 14:02:24;00:00:01;00:01:25;0.99108;0.965756;1;83;0;0;4.9554;2.89727;4.9554;2.89727;0;0;0;0;0;2;83;0;0;0;0;0;0;0;0;0;0;0;0;00:00:00:008;00:00:00:008;;83;0;0;0;0;0;0;
2007-11-08 14:00:58;2007-11-08 14:02:25;2007-11-08 14:02:25;00:00:01;00:01:26;0.99108;0.966039;1;84;0;0;0.99108;2.87512;0.99108;2.87512;0;0;1;0;0;0;83;0;0;0;0;0;0;0;0;0;0;0;0;00:00:00:000;00:00:00:008;;83;0;0;0;0;0;0;
2007-11-08 14:00:58;2007-11-08 14:02:26;2007-11-08 14:02:26;00:00:01;00:01:27;0.99108;0.966315;1;85;0;0;4.9554;2.89895;4.9554;2.89895;0;0;0;0;0;2;85;0;0;0;0;0;0;0;0;0;0;0;0;00:00:00:008;00:00:00:008;;85;0;0;0;0;0;0;
2007-11-08 14:00:58;2007-11-08 14:02:27;2007-11-08 14:02:27;00:00:01;00:01:28;0.99108;0.966585;1;86;0;0;0.99108;2.87728;0.99108;2.87728;0;0;1;0;0;0;85;0;0;0;0;0;0;0;0;0;0;0;0;00:00:00:000;00:00:00:008;;85;0;0;0;0;0;0;
2007-11-08 14:00:58;2007-11-08 14:02:28;2007-11-08 14:02:28;00:00:01;00:01:29;0.99108;0.966849;1;87;0;0;4.9554;2.90055;4.9554;2.90055;0;0;0;0;0;2;87;0;0;0;0;0;0;0;0;0;0;0;0;00:00:00:008;00:00:00:008;;87;0;0;0;0;0;0;
2007-11-08 14:00:58;2007-11-08 14:02:29;2007-11-08 14:02:29;00:00:01;00:01:30;0.99108;0.967107;1;88;0;0;0.99108;2.87934;0.99108;2.87934;0;0;1;0;0;0;87;0;0;0;0;0;0;0;0;0;0;0;0;00:00:00:000;00:00:00:008;;87;0;0;0;0;0;0;
2007-11-08 14:00:58;2007-11-08 14:02:30;2007-11-08 14:02:30;00:00:01;00:01:32;0.99108;0.96736;1;89;0;0;4.9554;2.90208;4.9554;2.90208;0;0;0;0;0;2;89;0;0;0;0;0;0;0;0;0;0;0;0;00:00:00:008;00:00:00:008;;89;0;0;0;0;0;0;
2007-11-08 14:00:58;2007-11-08 14:02:31;2007-11-08 14:02:31;00:00:01;00:01:33;0.99108;0.967607;1;90;0;0;0.99108;2.88132;0.99108;2.88132;0;0;1;0;0;0;89;0;0;0;0;0;0;0;0;0;0;0;0;00:00:00:000;00:00:00:008;;89;0;0;0;0;0;0;
2007-11-08 14:00:58;2007-11-08 14:02:32;2007-11-08 14:02:32;00:00:01;00:01:34;0.99108;0.967848;1;91;0;0;4.9554;2.90354;4.9554;2.90354;0;0;0;0;0;2;91;0;0;0;0;0;0;0;0;0;0;0;0;00:00:00:008;00:00:00:008;;91;0;0;0;0;0;0;
2007-11-08 14:00:58;2007-11-08 14:02:33;2007-11-08 14:02:33;00:00:01;00:01:35;0.99108;0.968085;1;92;0;0;0.99108;2.88321;0.99108;2.88321;0;0;1;0;0;0;91;0;0;0;0;0;0;0;0;0;0;0;0;00:00:00:000;00:00:00:008;;91;0;0;0;0;0;0;
2007-11-08 14:00:58;2007-11-08 14:02:34;2007-11-08 14:02:34;00:00:01;00:01:36;0.99108;0.968316;1;93;0;0;4.9554;2.90495;4.9554;2.90495;0;0;0;0;0;2;93;0;0;0;0;0;0;0;0;0;0;0;0;00:00:00:008;00:00:00:008;;93;0;0;0;0;0;0;
2007-11-08 14:00:58;2007-11-08 14:02:35;2007-11-08 14:02:35;00:00:01;00:01:37;0.99108;0.968543;1;94;0;0;0.99108;2.88502;0.99108;2.88502;0;0;1;0;0;0;93;0;0;0;0;0;0;0;0;0;0;0;0;00:00:00:000;00:00:00:008;;93;0;0;0;0;0;0;
2007-11-08 14:00:58;2007-11-08 14:02:36;2007-11-08 14:02:36;00:00:01;00:01:38;0.99108;0.968765;1;95;0;0;4.9554;2.90629;4.9554;2.90629;0;0;0;0;0;2;95;0;0;0;0;0;0;0;0;0;0;0;0;00:00:00:008;00:00:00:008;;95;0;0;0;0;0;0;
2007-11-08 14:00:58;2007-11-08 14:02:37;2007-11-08 14:02:37;00:00:01;00:01:39;0.99108;0.968982;1;96;0;0;0.99108;2.88676;0.99108;2.88676;0;0;1;0;0;0;95;0;0;0;0;0;0;0;0;0;0;0;0;00:00:00:000;00:00:00:008;;95;0;0;0;0;0;0;
2007-11-08 14:00:58;2007-11-08 14:02:38;2007-11-08 14:02:38;00:00:01;00:01:40;0.99108;0.969196;1;97;0;0;4.9554;2.90759;4.9554;2.90759;0;0;0;0;0;2;97;0;0;0;0;0;0;0;0;0;0;0;0;00:00:00:008;00:00:00:008;;97;0;0;0;0;0;0;
2007-11-08 14:00:58;2007-11-08 14:02:39;2007-11-08 14:02:39;00:00:01;00:01:41;0.99108;0.969404;1;98;0;0;0.99108;2.88843;0.99108;2.88843;0;0;1;0;0;0;97;0;0;0;0;0;0;0;0;0;0;0;0;00:00:00:000;00:00:00:008;;97;0;0;0;0;0;0;
2007-11-08 14:00:58;2007-11-08 14:02:40;2007-11-08 14:02:40;00:00:01;00:01:42;0.99108;0.969609;1;99;0;0;4.9554;2.90883;4.9554;2.90883;0;0;0;0;0;2;99;0;0;0;0;0;0;0;0;0;0;0;0;00:00:00:008;00:00:00:008;;99;0;0;0;0;0;0;
2007-11-08 14:00:58;2007-11-08 14:02:41;2007-11-08 14:02:41;00:00:01;00:01:43;0.99108;0.96981;1;100;0;0;0.99108;2.89003;0.99108;2.89003;0;0;1;0;0;0;99;0;0;0;0;0;0;0;0;0;0;0;0;00:00:00:000;00:00:00:008;;99;0;0;0;0;0;0;
2007-11-08 14:00:58;2007-11-08 14:02:42;2007-11-08 14:02:42;00:00:01;00:01:44;0.99108;0.970007;1;101;0;0;4.9554;2.91002;4.9554;2.91002;0;0;0;0;0;2;101;0;0;0;0;0;0;0;0;0;0;0;0;00:00:00:008;00:00:00:008;;101;0;0;0;0;0;0;
2007-11-08 14:00:58;2007-11-08 14:02:43;2007-11-08 14:02:43;00:00:01;00:01:45;0.99108;0.9702;1;102;0;0;0.99108;2.89158;0.99108;2.89158;0;0;1;0;0;0;101;0;0;0;0;0;0;0;0;0;0;0;0;00:00:00:000;00:00:00:008;;101;0;0;0;0;0;0;
2007-11-08 14:00:58;2007-11-08 14:02:44;2007-11-08 14:02:44;00:00:01;00:01:46;0.99108;0.970389;1;103;0;0;4.9554;2.91117;4.9554;2.91117;0;0;0;0;0;2;103;0;0;0;0;0;0;0;0;0;0;0;0;00:00:00:008;00:00:00:008;;103;0;0;0;0;0;0;
2007-11-08 14:00:58;2007-11-08 14:02:45;2007-11-08 14:02:45;00:00:01;00:01:47;0.99108;0.970575;1;104;0;0;0.99108;2.89306;0.99108;2.89306;0;0;1;0;0;0;103;0;0;0;0;0;0;0;0;0;0;0;0;00:00:00:000;00:00:00:008;;103;0;0;0;0;0;0;
2007-11-08 14:00:58;2007-11-08 14:02:46;2007-11-08 14:02:46;00:00:01;00:01:48;0.99108;0.970757;1;105;0;0;4.9554;2.91227;4.9554;2.91227;0;0;0;0;0;2;105;0;0;0;0;0;0;0;0;0;0;0;0;00:00:00:008;00:00:00:008;;105;0;0;0;0;0;0;
2007-11-08 14:00:58;2007-11-08 14:02:47;2007-11-08 14:02:47;00:00:01;00:01:49;0.99108;0.970936;1;106;0;0;0.99108;2.89449;0.99108;2.89449;0;0;1;0;0;0;105;0;0;0;0;0;0;0;0;0;0;0;0;00:00:00:000;00:00:00:008;;105;0;0;0;0;0;0;
2007-11-08 14:00:58;2007-11-08 14:02:48;2007-11-08 14:02:48;00:00:01;00:01:50;0.99108;0.971112;1;107;0;0;4.9554;2.91334;4.9554;2.91334;0;0;0;0;0;2;107;0;0;0;0;0;0;0;0;0;0;0;0;00:00:00:005;00:00:00:008;;107;0;0;0;0;0;0;
2007-11-08 14:00:58;2007-11-08 14:02:49;2007-11-08 14:02:49;00:00:01;00:01:51;0.99108;0.971284;1;108;0;0;0.99108;2.89587;0.99108;2.89587;0;0;1;0;0;0;107;0;0;0;0;0;0;0;0;0;0;0;0;00:00:00:000;00:00:00:008;;107;0;0;0;0;0;0;
2007-11-08 14:00:58;2007-11-08 14:02:50;2007-11-08 14:02:50;00:00:01;00:01:52;0.99108;0.971454;1;109;0;0;4.9554;2.91436;4.9554;2.91436;0;0;0;0;0;2;109;0;0;0;0;0;0;0;0;0;0;0;0;00:00:00:008;00:00:00:008;;109;0;0;0;0;0;0;
2007-11-08 14:00:58;2007-11-08 14:02:51;2007-11-08 14:02:51;00:00:01;00:01:53;0.99108;0.97162;1;110;0;0;0.99108;2.89719;0.99108;2.89719;0;0;1;0;0;0;109;0;0;0;0;0;0;0;0;0;0;0;0;00:00:00:000;00:00:00:008;;109;0;0;0;0;0;0;
2007-11-08 14:00:58;2007-11-08 14:02:52;2007-11-08 14:02:52;00:00:01;00:01:54;0.99108;0.971783;1;111;0;0;4.9554;2.91535;4.9554;2.91535;0;0;0;0;0;2;111;0;0;0;0;0;0;0;0;0;0;0;0;00:00:00:005;00:00:00:008;;111;0;0;0;0;0;0;
2007-11-08 14:00:58;2007-11-08 14:02:53;2007-11-08 14:02:53;00:00:01;00:01:55;0.99108;0.971944;1;112;0;0;0.99108;2.89848;0.99108;2.89848;0;0;1;0;0;0;111;0;0;0;0;0;0;0;0;0;0;0;0;00:00:00:000;00:00:00:008;;111;0;0;0;0;0;0;
2007-11-08 14:00:58;2007-11-08 14:02:54;2007-11-08 14:02:54;00:00:01;00:01:56;0.99108;0.972102;1;113;0;0;4.9554;2.9163;4.9554;2.9163;0;0;0;0;0;2;113;0;0;0;0;0;0;0;0;0;0;0;0;00:00:00:005;00:00:00:008;;113;0;0;0;0;0;0;
2007-11-08 14:00:58;2007-11-08 14:02:55;2007-11-08 14:02:55;00:00:01;00:01:57;0.99108;0.972257;1;114;0;0;0.99108;2.89971;0.99108;2.89971;0;0;1;0;0;0;113;0;0;0;0;0;0;0;0;0;0;0;0;00:00:00:000;00:00:00:008;;113;0;0;0;0;0;0;
2007-11-08 14:00:58;2007-11-08 14:02:56;2007-11-08 14:02:56;00:00:01;00:01:58;0.99108;0.972401;1;115;0;0;4.9554;2.9172;4.9554;2.9172;0;0;0;0;0;2;115;0;0;0;0;0;0;0;0;0;0;0;0;00:00:00:005;00:00:00:008;;115;0;0;0;0;0;0;
2007-11-08 14:00:58;2007-11-08 14:02:57;2007-11-08 14:02:57;00:00:01;00:01:59;0.99108;0.972551;1;116;0;0;0.99108;2.90088;0.99108;2.90088;0;0;1;0;0;0;115;0;0;0;0;0;0;0;0;0;0;0;0;00:00:00:000;00:00:00:008;;115;0;0;0;0;0;0;
2007-11-08 14:00:58;2007-11-08 14:02:58;2007-11-08 14:02:58;00:00:01;00:02:00;0.99108;0.972698;1;117;0;0;4.9554;2.91809;4.9554;2.91809;0;0;0;0;0;2;117;0;0;0;0;0;0;0;0;0;0;0;0;00:00:00:005;00:00:00:008;;117;0;0;0;0;0;0;
2007-11-08 14:00:58;2007-11-08 14:02:59;2007-11-08 14:02:59;00:00:01;00:02:01;0.99108;0.972843;1;118;0;0;0.99108;2.90204;0.99108;2.90204;0;0;1;0;0;0;117;0;0;0;0;0;0;0;0;0;0;0;0;00:00:00:000;00:00:00:008;;117;0;0;0;0;0;0;
2007-11-08 14:00:58;2007-11-08 14:03:00;2007-11-08 14:03:00;00:00:01;00:02:02;0.99108;0.972985;1;119;0;0;4.9554;2.91896;4.9554;2.91896;0;0;0;0;0;2;119;0;0;0;0;0;0;0;0;0;0;0;0;00:00:00:005;00:00:00:008;;119;0;0;0;0;0;0;
2007-11-08 14:00:58;2007-11-08 14:03:01;2007-11-08 14:03:01;00:00:01;00:02:03;0.99108;0.973126;1;120;0;0;0.99108;2.90316;0.99108;2.90316;0;0;1;0;0;0;119;0;0;0;0;0;0;0;0;0;0;0;0;00:00:00:000;00:00:00:008;;119;0;0;0;0;0;0;
2007-11-08 14:00:58;2007-11-08 14:03:02;2007-11-08 14:03:02;00:00:01;00:02:04;1.98216;0.981307;2;122;0;0;5.94648;2.92783;5.94648;2.92783;0;0;1;0;0;2;121;0;0;0;0;0;0;0;0;0;0;0;0;00:00:00:005;00:00:00:008;;121;0;0;0;0;0;0;
2007-11-08 14:00:58;2007-11-08 14:03:03;2007-11-08 14:03:03;00:00:01;00:02:05;0.99108;0.981378;1;123;0;0;4.9554;2.94413;4.9554;2.94413;0;0;0;0;0;2;123;0;0;0;0;0;0;0;0;0;0;0;0;00:00:00:005;00:00:00:007;;123;0;0;0;0;0;0;
2007-11-08 14:00:58;2007-11-08 14:03:04;2007-11-08 14:03:04;00:00:01;00:02:06;0.99108;0.981447;1;124;0;0;0.99108;2.92851;0.99108;2.92851;0;0;1;0;0;0;123;0;0;0;0;0;0;0;0;0;0;0;0;00:00:00:000;00:00:00:007;;123;0;0;0;0;0;0;
2007-11-08 14:00:58;2007-11-08 14:03:05;2007-11-08 14:03:05;00:00:01;00:02:07;0.99108;0.981516;1;125;0;0;4.9554;2.94455;4.9554;2.94455;0;0;0;0;0;2;125;0;0;0;0;0;0;0;0;0;0;0;0;00:00:00:005;00:00:00:007;;125;0;0;0;0;0;0;
2007-11-08 14:00:58;2007-11-08 14:03:06;2007-11-08 14:03:06;00:00:01;00:02:08;0.99108;0.981584;1;126;0;0;0.99108;2.92917;0.99108;2.92917;0;0;1;0;0;0;125;0;0;0;0;0;0;0;0;0;0;0;0;00:00:00:000;00:00:00:007;;125;0;0;0;0;0;0;
2007-11-08 14:00:58;2007-11-08 14:03:07;2007-11-08 14:03:07;00:00:01;00:02:09;0.99108;0.98165;1;127;0;0;4.9554;2.94495;4.9554;2.94495;0;0;0;0;0;2;127;0;0;0;0;0;0;0;0;0;0;0;0;00:00:00:005;00:00:00:007;;127;0;0;0;0;0;0;
2007-11-08 14:00:58;2007-11-08 14:03:08;2007-11-08 14:03:08;00:00:01;00:02:10;0.99108;0.981716;1;128;0;0;0.99108;2.92981;0.99108;2.92981;0;0;1;0;0;0;127;0;0;0;0;0;0;0;0;0;0;0;0;00:00:00:000;00:00:00:007;;127;0;0;0;0;0;0;
2007-11-08 14:00:58;2007-11-08 14:03:09;2007-11-08 14:03:09;00:00:01;00:02:11;0.99108;0.98178;1;129;0;0;4.9554;2.94534;4.9554;2.94534;0;0;0;0;0;2;129;0;0;0;0;0;0;0;0;0;0;0;0;00:00:00:005;00:00:00:007;;129;0;0;0;0;0;0;
2007-11-08 14:00:58;2007-11-08 14:03:10;2007-11-08 14:03:10;00:00:01;00:02:12;0.99108;0.981843;1;130;0;0;0.99108;2.93043;0.99108;2.93043;0;0;1;0;0;0;129;0;0;0;0;0;0;0;0;0;0;0;0;00:00:00:000;00:00:00:007;;129;0;0;0;0;0;0;
2007-11-08 14:00:58;2007-11-08 14:03:11;2007-11-08 14:03:11;00:00:01;00:02:13;0.99108;0.981906;1;131;0;0;4.9554;2.94572;4.9554;2.94572;0;0;0;0;0;2;131;0;0;0;0;0;0;0;0;0;0;0;0;00:00:00:005;00:00:00:007;;131;0;0;0;0;0;0;
2007-11-08 14:00:58;2007-11-08 14:03:12;2007-11-08 14:03:12;00:00:01;00:02:14;0.99108;0.981968;1;132;0;0;0.99108;2.93102;0.99108;2.93102;0;0;1;0;0;0;131;0;0;0;0;0;0;0;0;0;0;0;0;00:00:00:000;00:00:00:007;;131;0;0;0;0;0;0;
2007-11-08 14:00:58;2007-11-08 14:03:13;2007-11-08 14:03:13;00:00:01;00:02:15;0.99108;0.982028;1;133;0;0;4.9554;2.94608;4.9554;2.94608;0;0;0;0;0;2;133;0;0;0;0;0;0;0;0;0;0;0;0;00:00:00:008;00:00:00:007;;133;0;0;0;0;0;0;
2007-11-08 14:00:58;2007-11-08 14:03:14;2007-11-08 14:03:14;00:00:01;00:02:16;0.99108;0.982088;1;134;0;0;0.99108;2.93161;0.99108;2.93161;0;0;1;0;0;0;133;0;0;0;0;0;0;0;0;0;0;0;0;00:00:00:000;00:00:00:007;;133;0;0;0;0;0;0;
2007-11-08 14:00:58;2007-11-08 14:03:15;2007-11-08 14:03:15;00:00:01;00:02:17;0.99108;0.982147;1;135;0;0;4.9554;2.94644;4.9554;2.94644;0;0;0;0;0;2;135;0;0;0;0;0;0;0;0;0;0;0;0;00:00:00:008;00:00:00:007;;135;0;0;0;0;0;0;
2007-11-08 14:00:58;2007-11-08 14:03:16;2007-11-08 14:03:16;00:00:01;00:02:18;0.99108;0.982205;1;136;0;0;0.99108;2.93217;0.99108;2.93217;0;0;1;0;0;0;135;0;0;0;0;0;0;0;0;0;0;0;0;00:00:00:000;00:00:00:007;;135;0;0;0;0;0;0;
2007-11-08 14:00:58;2007-11-08 14:03:17;2007-11-08 14:03:17;00:00:01;00:02:19;0.99108;0.982262;1;137;0;0;4.9554;2.94679;4.9554;2.94679;0;0;0;0;0;2;137;0;0;0;0;0;0;0;0;0;0;0;0;00:00:00:008;00:00:00:007;;137;0;0;0;0;0;0;
2007-11-08 14:00:58;2007-11-08 14:03:18;2007-11-08 14:03:18;00:00:01;00:02:20;0.99108;0.982318;1;138;0;0;0.99108;2.93272;0.99108;2.93272;0;0;1;0;0;0;137;0;0;0;0;0;0;0;0;0;0;0;0;00:00:00:000;00:00:00:007;;137;0;0;0;0;0;0;
2007-11-08 14:00:58;2007-11-08 14:03:19;2007-11-08 14:03:19;00:00:01;00:02:21;0.99108;0.982374;1;139;0;0;4.9554;2.94712;4.9554;2.94712;0;0;0;0;0;2;139;0;0;0;0;0;0;0;0;0;0;0;0;00:00:00:008;00:00:00:007;;139;0;0;0;0;0;0;
2007-11-08 14:00:58;2007-11-08 14:03:20;2007-11-08 14:03:20;00:00:01;00:02:22;0.99108;0.982429;1;140;0;0;0.99108;2.93325;0.99108;2.93325;0;0;1;0;0;0;139;0;0;0;0;0;0;0;0;0;0;0;0;00:00:00:000;00:00:00:007;;139;0;0;0;0;0;0;
2007-11-08 14:00:58;2007-11-08 14:03:21;2007-11-08 14:03:21;00:00:01;00:02:23;0.99108;0.982483;1;141;0;0;4.9554;2.94745;4.9554;2.94745;0;0;0;0;0;2;141;0;0;0;0;0;0;0;0;0;0;0;0;00:00:00:008;00:00:00:007;;141;0;0;0;0;0;0;
2007-11-08 14:00:58;2007-11-08 14:03:22;2007-11-08 14:03:22;00:00:01;00:02:24;0.99108;0.982536;1;142;0;0;0.99108;2.93377;0.99108;2.93377;0;0;1;0;0;0;141;0;0;0;0;0;0;0;0;0;0;0;0;00:00:00:000;00:00:00:007;;141;0;0;0;0;0;0;
2007-11-08 14:00:58;2007-11-08 14:03:23;2007-11-08 14:03:23;00:00:01;00:02:25;0.99108;0.982588;1;143;0;0;4.9554;2.94776;4.9554;2.94776;0;0;0;0;0;2;143;0;0;0;0;0;0;0;0;0;0;0;0;00:00:00:008;00:00:00:007;;143;0;0;0;0;0;0;
2007-11-08 14:00:58;2007-11-08 14:03:24;2007-11-08 14:03:24;00:00:01;00:02:26;0.99108;0.98264;1;144;0;0;0.99108;2.93427;0.99108;2.93427;0;0;1;0;0;0;143;0;0;0;0;0;0;0;0;0;0;0;0;00:00:00:000;00:00:00:007;;143;0;0;0;0;0;0;
2007-11-08 14:00:58;2007-11-08 14:03:25;2007-11-08 14:03:25;00:00:01;00:02:27;0.99108;0.982691;1;145;0;0;4.9554;2.94807;4.9554;2.94807;0;0;0;0;0;2;145;0;0;0;0;0;0;0;0;0;0;0;0;00:00:00:008;00:00:00:007;;145;0;0;0;0;0;0;
2007-11-08 14:00:58;2007-11-08 14:03:26;2007-11-08 14:03:26;00:00:01;00:02:28;0.99108;0.982741;1;146;0;0;0.99108;2.93476;0.99108;2.93476;0;0;1;0;0;0;145;0;0;0;0;0;0;0;0;0;0;0;0;00:00:00:000;00:00:00:007;;145;0;0;0;0;0;0;
2007-11-08 14:00:58;2007-11-08 14:03:27;2007-11-08 14:03:27;00:00:01;00:02:29;0.99108;0.982785;1;147;0;0;4.9554;2.94835;4.9554;2.94835;0;0;0;0;0;2;147;0;0;0;0;0;0;0;0;0;0;0;0;00:00:00:008;00:00:00:007;;147;0;0;0;0;0;0;
2007-11-08 14:00:58;2007-11-08 14:03:28;2007-11-08 14:03:28;00:00:01;00:02:30;0.99108;0.982834;1;148;0;0;0.99108;2.93522;0.99108;2.93522;0;0;1;0;0;0;147;0;0;0;0;0;0;0;0;0;0;0;0;00:00:00:000;00:00:00:007;;147;0;0;0;0;0;0;
2007-11-08 14:00:58;2007-11-08 14:03:29;2007-11-08 14:03:29;00:00:01;00:02:31;0.99108;0.982882;1;149;0;0;4.9554;2.94865;4.9554;2.94865;0;0;0;0;0;2;149;0;0;0;0;0;0;0;0;0;0;0;0;00:00:00:008;00:00:00:007;;149;0;0;0;0;0;0;
2007-11-08 14:00:58;2007-11-08 14:03:30;2007-11-08 14:03:30;00:00:01;00:02:32;0.99108;0.98293;1;150;0;0;0.99108;2.93568;0.99108;2.93568;0;0;1;0;0;0;149;0;0;0;0;0;0;0;0;0;0;0;0;00:00:00:000;00:00:00:007;;149;0;0;0;0;0;0;
2007-11-08 14:00:58;2007-11-08 14:03:31;2007-11-08 14:03:31;00:00:01;00:02:33;0.99108;0.982977;1;151;0;0;4.9554;2.94893;4.9554;2.94893;0;0;0;0;0;2;151;0;0;0;0;0;0;0;0;0;0;0;0;00:00:00:008;00:00:00:007;;151;0;0;0;0;0;0;
2007-11-08 14:00:58;2007-11-08 14:03:32;2007-11-08 14:03:32;00:00:01;00:02:34;0.99108;0.983023;1;152;0;0;0.99108;2.93614;0.99108;2.93614;0;0;1;0;0;0;151;0;0;0;0;0;0;0;0;0;0;0;0;00:00:00:000;00:00:00:007;;151;0;0;0;0;0;0;
2007-11-08 14:00:58;2007-11-08 14:03:33;2007-11-08 14:03:33;00:00:01;00:02:35;0.99108;0.983069;1;153;0;0;4.9554;2.94921;4.9554;2.94921;0;0;0;0;0;2;153;0;0;0;0;0;0;0;0;0;0;0;0;00:00:00:008;00:00:00:007;;153;0;0;0;0;0;0;
2007-11-08 14:00:58;2007-11-08 14:03:34;2007-11-08 14:03:34;00:00:01;00:02:36;0.99108;0.983115;1;154;0;0;0.99108;2.93658;0.99108;2.93658;0;0;1;0;0;0;153;0;0;0;0;0;0;0;0;0;0;0;0;00:00:00:000;00:00:00:007;;153;0;0;0;0;0;0;
2007-11-08 14:00:58;2007-11-08 14:03:35;2007-11-08 14:03:35;00:00:01;00:02:37;0.99108;0.983159;1;155;0;0;4.9554;2.94948;4.9554;2.94948;0;0;0;0;0;2;155;0;0;0;0;0;0;0;0;0;0;0;0;00:00:00:008;00:00:00:007;;155;0;0;0;0;0;0;
2007-11-08 14:00:58;2007-11-08 14:03:36;2007-11-08 14:03:36;00:00:01;00:02:38;0.99108;0.983204;1;156;0;0;0.99108;2.93701;0.99108;2.93701;0;0;1;0;0;0;155;0;0;0;0;0;0;0;0;0;0;0;0;00:00:00:000;00:00:00:007;;155;0;0;0;0;0;0;
2007-11-08 14:00:58;2007-11-08 14:03:37;2007-11-08 14:03:37;00:00:01;00:02:39;0.99108;0.983247;1;157;0;0;4.9554;2.94974;4.9554;2.94974;0;0;0;0;0;2;157;0;0;0;0;0;0;0;0;0;0;0;0;00:00:00:008;00:00:00:007;;157;0;0;0;0;0;0;
2007-11-08 14:00:58;2007-11-08 14:03:38;2007-11-08 14:03:38;00:00:01;00:02:40;0.99108;0.98329;1;158;0;0;0.99108;2.93742;0.99108;2.93742;0;0;1;0;0;0;157;0;0;0;0;0;0;0;0;0;0;0;0;00:00:00:000;00:00:00:007;;157;0;0;0;0;0;0;
2007-11-08 14:00:58;2007-11-08 14:03:39;2007-11-08 14:03:39;00:00:01;00:02:41;0.99108;0.983333;1;159;0;0;4.9554;2.95;4.9554;2.95;0;0;0;0;0;2;159;0;0;0;0;0;0;0;0;0;0;0;0;00:00:00:008;00:00:00:007;;159;0;0;0;0;0;0;
2007-11-08 14:00:58;2007-11-08 14:03:40;2007-11-08 14:03:41;00:00:01;00:02:42;0.99108;0.983375;1;160;0;0;0.99108;2.93783;0.99108;2.93783;0;0;1;0;0;0;159;0;0;0;0;0;0;0;0;0;0;0;0;00:00:00:000;00:00:00:007;;159;0;0;0;0;0;0;
2007-11-08 14:00:58;2007-11-08 14:03:41;2007-11-08 14:03:42;00:00:01;00:02:43;0.99108;0.983416;1;161;0;0;4.9554;2.95025;4.9554;2.95025;0;0;0;0;0;2;161;0;0;0;0;0;0;0;0;0;0;0;0;00:00:00:008;00:00:00:007;;161;0;0;0;0;0;0;
2007-11-08 14:00:58;2007-11-08 14:03:42;2007-11-08 14:03:43;00:00:01;00:02:44;0.99108;0.983457;1;162;0;0;0.99108;2.93823;0.99108;2.93823;0;0;1;0;0;0;161;0;0;0;0;0;0;0;0;0;0;0;0;00:00:00:000;00:00:00:007;;161;0;0;0;0;0;0;
2007-11-08 14:00:58;2007-11-08 14:03:43;2007-11-08 14:03:44;00:00:01;00:02:45;0.99108;0.983498;1;163;0;0;4.9554;2.95049;4.9554;2.95049;0;0;0;0;0;2;163;0;0;0;0;0;0;0;0;0;0;0;0;00:00:00:008;00:00:00:007;;163;0;0;0;0;0;0;
2007-11-08 14:00:58;2007-11-08 14:03:44;2007-11-08 14:03:45;00:00:01;00:02:46;0.99108;0.983538;1;164;0;0;0.99108;2.93862;0.99108;2.93862;0;0;1;0;0;0;163;0;0;0;0;0;0;0;0;0;0;0;0;00:00:00:000;00:00:00:007;;163;0;0;0;0;0;0;
2007-11-08 14:00:58;2007-11-08 14:03:45;2007-11-08 14:03:46;00:00:01;00:02:47;0.99108;0.983577;1;165;0;0;4.9554;2.95073;4.9554;2.95073;0;0;0;0;0;2;165;0;0;0;0;0;0;0;0;0;0;0;0;00:00:00:008;00:00:00:007;;165;0;0;0;0;0;0;
2007-11-08 14:00:58;2007-11-08 14:03:46;2007-11-08 14:03:47;00:00:01;00:02:48;0.99108;0.983616;1;166;0;0;0.99108;2.939;0.99108;2.939;0;0;1;0;0;0;165;0;0;0;0;0;0;0;0;0;0;0;0;00:00:00:000;00:00:00:007;;165;0;0;0;0;0;0;
2007-11-08 14:00:58;2007-11-08 14:03:47;2007-11-08 14:03:48;00:00:01;00:02:49;0.99108;0.983655;1;167;0;0;4.9554;2.95096;4.9554;2.95096;0;0;0;0;0;2;167;0;0;0;0;0;0;0;0;0;0;0;0;00:00:00:008;00:00:00:007;;167;0;0;0;0;0;0;
2007-11-08 14:00:58;2007-11-08 14:03:48;2007-11-08 14:03:49;00:00:01;00:02:50;0.99108;0.983693;1;168;0;0;0.99108;2.93937;0.99108;2.93937;0;0;1;0;0;0;167;0;0;0;0;0;0;0;0;0;0;0;0;00:00:00:000;00:00:00:007;;167;0;0;0;0;0;0;
2007-11-08 14:00:58;2007-11-08 14:03:50;2007-11-08 14:03:50;00:00:01;00:02:51;0.99108;0.983731;1;169;0;0;4.9554;2.95119;4.9554;2.95119;0;0;0;0;0;2;169;0;0;0;0;0;0;0;0;0;0;0;0;00:00:00:008;00:00:00:007;;169;0;0;0;0;0;0;
2007-11-08 14:00:58;2007-11-08 14:03:51;2007-11-08 14:03:51;00:00:01;00:02:52;0.99108;0.983768;1;170;0;0;0.99108;2.93973;0.99108;2.93973;0;0;1;0;0;0;169;0;0;0;0;0;0;0;0;0;0;0;0;00:00:00:000;00:00:00:007;;169;0;0;0;0;0;0;
2007-11-08 14:00:58;2007-11-08 14:03:52;2007-11-08 14:03:52;00:00:01;00:02:53;1.98216;0.989558;2;172;0;0;5.94648;2.95717;5.94648;2.95717;0;0;1;0;0;2;171;0;0;0;0;0;0;0;0;0;0;0;0;00:00:00:008;00:00:00:007;;171;0;0;0;0;0;0;
2007-11-08 14:00:58;2007-11-08 14:03:53;2007-11-08 14:03:53;00:00:01;00:02:54;0.994036;0.989578;1;173;0;0;4.97018;2.96873;4.97018;2.96873;0;0;0;0;0;2;173;0;0;0;0;0;0;0;0;0;0;0;0;00:00:00:008;00:00:00:007;;173;0;0;0;0;0;0;
2007-11-08 14:00:58;2007-11-08 14:03:54;2007-11-08 14:03:54;00:00:01;00:02:55;0.987167;0.989564;1;174;0;0;0.987167;2.95732;0.987167;2.95732;0;0;1;0;0;0;173;0;0;0;0;0;0;0;0;0;0;0;0;00:00:00:000;00:00:00:007;;173;0;0;0;0;0;0;
2007-11-08 14:00:58;2007-11-08 14:03:55;2007-11-08 14:03:55;00:00:01;00:02:56;0.99108;0.989567;1;175;0;0;4.9554;2.9687;4.9554;2.9687;0;0;0;0;0;2;175;0;0;0;0;0;0;0;0;0;0;0;0;00:00:00:008;00:00:00:007;;175;0;0;0;0;0;0;
2007-11-08 14:00:58;2007-11-08 14:03:56;2007-11-08 14:03:56;00:00:01;00:02:57;0.99108;0.98957;1;176;0;0;0.99108;2.95747;0.99108;2.95747;0;0;1;0;0;0;175;0;0;0;0;0;0;0;0;0;0;0;0;00:00:00:000;00:00:00:007;;175;0;0;0;0;0;0;
2007-11-08 14:00:58;2007-11-08 14:03:57;2007-11-08 14:03:57;00:00:01;00:02:58;0.99108;0.989573;1;177;0;0;4.9554;2.96872;4.9554;2.96872;0;0;0;0;0;2;177;0;0;0;0;0;0;0;0;0;0;0;0;00:00:00:008;00:00:00:007;;177;0;0;0;0;0;0;
2007-11-08 14:00:58;2007-11-08 14:03:58;2007-11-08 14:03:58;00:00:01;00:02:59;0.99108;0.989576;1;178;0;0;0.99108;2.95761;0.99108;2.95761;0;0;1;0;0;0;177;0;0;0;0;0;0;0;0;0;0;0;0;00:00:00:000;00:00:00:007;;177;0;0;0;0;0;0;
2007-11-08 14:00:58;2007-11-08 14:03:59;2007-11-08 14:03:59;00:00:01;00:03:00;0.99108;0.989579;1;179;0;0;4.9554;2.96874;4.9554;2.96874;0;0;0;0;0;2;179;0;0;0;0;0;0;0;0;0;0;0;0;00:00:00:008;00:00:00:007;;179;0;0;0;0;0;0;
2007-11-08 14:00:58;2007-11-08 14:04:00;2007-11-08 14:04:00;00:00:01;00:03:01;0.99108;0.989582;1;180;0;0;0.99108;2.95775;0.99108;2.95775;0;0;1;0;0;0;179;0;0;0;0;0;0;0;0;0;0;0;0;00:00:00:000;00:00:00:007;;179;0;0;0;0;0;0;
2007-11-08 14:00:58;2007-11-08 14:04:01;2007-11-08 14:04:01;00:00:01;00:03:02;0.988142;0.989569;1;181;0;0;3.95257;2.96324;3.95257;2.96324;0;0;1;0;0;1;180;0;0;0;0;0;0;0;0;0;0;0;0;00:00:00:008;00:00:00:007;;181;0;0;0;0;0;0;
2007-11-08 14:00:58;2007-11-08 14:04:02;2007-11-08 14:04:02;00:00:01;00:03:03;0;0.984145;0;181;0;0;0.993049;2.95243;0.993049;2.95243;0;0;0;0;0;1;181;0;0;0;0;0;0;0;0;0;0;0;0;00:00:00:000;00:00:00:007;;181;0;0;0;0;0;0;
2007-11-08 14:00:58;2007-11-08 14:04:03;2007-11-08 14:04:03;00:00:01;00:03:04;1.96657;0.989548;2;183;0;0;1.96657;2.94701;1.96657;2.94701;0;0;2;0;0;0;181;0;0;0;0;0;0;0;0;0;0;0;0;00:00:00:000;00:00:00:007;;181;0;0;0;0;0;0;
2007-11-08 14:00:58;2007-11-08 14:04:04;2007-11-08 14:04:04;00:00:01;00:03:05;0;0.984157;0;183;0;0;3.95257;2.95247;3.95257;2.95247;0;0;0;0;0;2;183;0;0;0;0;0;0;0;0;0;0;0;0;00:00:00:008;00:00:00:008;;183;0;0;0;0;0;0;
2007-11-08 14:00:58;2007-11-08 14:04:05;2007-11-08 14:04:05;00:00:01;00:03:06;0.99108;0.984189;1;184;0;0;0.99108;2.94187;0.99108;2.94187;0;0;1;0;0;0;183;0;0;0;0;0;0;0;0;0;0;0;0;00:00:00:000;00:00:00:008;;183;0;0;0;0;0;0;
2007-11-08 14:00:58;2007-11-08 14:04:06;2007-11-08 14:04:06;00:00:01;00:03:07;0.99108;0.984221;1;185;0;0;4.9554;2.95266;4.9554;2.95266;0;0;0;0;0;2;185;0;0;0;0;0;0;0;0;0;0;0;0;00:00:00:007;00:00:00:007;;185;0;0;0;0;0;0;
2007-11-08 14:00:58;2007-11-08 14:04:07;2007-11-08 14:04:07;00:00:01;00:03:08;0.99108;0.984252;1;186;0;0;0.99108;2.94217;0.99108;2.94217;0;0;1;0;0;0;185;0;0;0;0;0;0;0;0;0;0;0;0;00:00:00:000;00:00:00:007;;185;0;0;0;0;0;0;
2007-11-08 14:00:58;2007-11-08 14:04:08;2007-11-08 14:04:08;00:00:01;00:03:09;0.994036;0.984304;1;187;0;0;4.97018;2.95291;4.97018;2.95291;0;0;0;0;0;2;187;0;0;0;0;0;0;0;0;0;0;0;0;00:00:00:008;00:00:00:007;;187;0;0;0;0;0;0;
2007-11-08 14:00:58;2007-11-08 14:04:09;2007-11-08 14:04:09;00:00:01;00:03:10;0.987167;0.984314;1;188;0;0;0.987167;2.94247;0.987167;2.94247;0;0;1;0;0;0;187;0;0;0;0;0;0;0;0;0;0;0;0;00:00:00:000;00:00:00:007;;187;0;0;0;0;0;0;
2007-11-08 14:00:58;2007-11-08 14:04:10;2007-11-08 14:04:10;00:00:01;00:03:12;0.99108;0.984344;1;189;0;0;4.9554;2.95303;4.9554;2.95303;0;0;0;0;0;2;189;0;0;0;0;0;0;0;0;0;0;0;0;00:00:00:008;00:00:00:008;;189;0;0;0;0;0;0;
2007-11-08 14:00:58;2007-11-08 14:04:11;2007-11-08 14:04:11;00:00:01;00:03:13;0;0.979193;0;189;0;0;0;2.93758;0;2.93758;0;0;0;0;0;0;189;0;0;0;0;0;0;0;0;0;0;0;0;00:00:00:000;00:00:00:008;;189;0;0;0;0;0;0;
2007-11-08 14:00:58;2007-11-08 14:04:12;2007-11-08 14:04:12;00:00:01;00:03:14;0;0.974096;0;189;0;0;0;2.92229;0;2.92229;0;0;0;0;0;0;189;0;0;0;0;0;0;0;0;0;0;0;0;00:00:00:000;00:00:00:008;;189;0;0;0;0;0;0;
2007-11-08 14:00:58;2007-11-08 14:04:13;2007-11-08 14:04:13;00:00:01;00:03:15;0;0.969052;0;189;0;0;0;2.90716;0;2.90716;0;0;0;0;0;0;189;0;0;0;0;0;0;0;0;0;0;0;0;00:00:00:000;00:00:00:008;;189;0;0;0;0;0;0;
2007-11-08 14:00:58;2007-11-08 14:04:13;2007-11-08 14:04:13;00:00:00;00:03:15;0;0.968813;0;189;0;0;0;2.90644;0;2.90644;0;0;0;0;0;0;189;0;0;0;0;0;0;0;0;0;0;0;0;00:00:00:000;00:00:00:008;;189;0;0;0;0;0;0;
